reep_id,key_wikidata,name,competition_reep_id
reep_s0081dae3,Q581439,1898 Italian Football Championship,
reep_sf3d3d1db,Q960412,1899 Italian Football Championship,
reep_s3ea25909,Q221932,1900 Italian Football Championship,
reep_s462fea54,Q2527209,1900 Uruguayan Primera División,
reep_sc2d76283,Q1071938,1901 Italian Football Championship,
reep_sf92eb966,Q2526914,1901 Uruguayan Primera División,
reep_s0a2849be,Q784344,1902 Italian Football Championship,
reep_sdac8a47a,Q367892,1902 Uruguayan Primera División,
reep_s880b9ea9,Q246661,1903 Italian Football Championship,
reep_s448df7ca,Q2526920,1903 Uruguayan Primera División,
reep_sd46c0b64,Q1087017,1904 Italian Football Championship,
reep_s70403087,Q1087005,1905 Italian Football Championship,
reep_s250b8431,Q2526408,1905 Uruguayan Primera División,
reep_s82c624f3,Q1086966,1906 Italian Football Championship,
reep_s3caebc2f,Q3557678,1906 SEGAS Championship,
reep_s514a6b94,Q2526398,1906 Uruguayan Primera División,
reep_sc37be79e,Q931957,1906–07 Panhellenic Championship,
reep_s0f394af2,Q1087012,1907 Italian Football Championship,
reep_s89555aa9,Q2526828,1907 Uruguayan Primera División,
reep_s06483703,Q795597,1908 Italian Football Championship,
reep_s53b5574d,Q3566229,1908 SEGAS Championship,
reep_se5391507,Q931201,1908 Uruguayan Primera División,
reep_sfec3c1bc,Q3557693,1908–09 Panhellenic Championship,
reep_s4fa2ceee,Q928795,1909 Italian Football Championship,
reep_s18788249,Q2526761,1909 Uruguayan Primera División,
reep_sd2ea23e7,Q205482,1909–10 Italian Football Championship,
reep_s6374fd36,Q3557582,1910 SEGAS Championship,
reep_s5e987361,Q738341,1910 Uruguayan Primera División,
reep_s63896eeb,Q1083345,1910–11 Italian Football Championship,
reep_s92b014bf,Q431811,1910–11 SEGAS Championship,
reep_sc4508b2c,Q3557630,1911 SEGAS Championship,
reep_s23c1888c,Q2504906,1911 Uruguayan Primera División,
reep_sc508b618,Q377420,1911–12 Italian Football Championship,
reep_sd605dd79,Q14465887,1912 SEGAS Championship,
reep_s02c4950a,Q2504110,1912 Uruguayan Primera División,
reep_s84e42e00,Q655649,1912–13 Italian Football Championship,
reep_s38d2bbaa,Q2503870,1913 Uruguayan Primera División,
reep_s8b663835,Q1675097,1913–14 Italian Football Championship,
reep_saea30bc9,Q2504699,1914 Uruguayan Primera División,
reep_s3fe4498d,Q1675098,1914–15 Italian Football Championship,
reep_sea12b2d2,Q2504656,1915 Uruguayan Primera División,
reep_sab84991d,Q2504678,1916 Uruguayan Primera División,
reep_se636c507,Q2505414,1917 Uruguayan Primera División,
reep_s0d7c6f4d,Q2505394,1918 Uruguayan Primera División,
reep_s5e40946d,Q1114350,1919 Uruguayan Primera División,
reep_s2a83d739,Q1675095,1919–20 Italian Football Championship,
reep_scf1d63ee,Q2504629,1920 Uruguayan Primera División,
reep_s80ffab10,Q1675092,1920–21 Italian Football Championship,
reep_sabd3c52c,Q2504645,1921 Uruguayan Primera División,
reep_sb4352f7a,Q4561130,1921–22 FCA Championship,
reep_scc33b477,Q1675091,1921–22 Prima Categoria,
reep_sd01c0e87,Q2245619,1921–22 Prima Divisione,
reep_s37df7951,Q165913,1922 Uruguayan Primera División,
reep_s1afe3384,Q3566256,1922–23 Panhellenic Championship,
reep_sc5d4d9c7,Q1675105,1922–23 Prima Divisione,
reep_sa427b223,Q165908,1923 Uruguayan Primera División,
reep_s90384ffe,Q1675106,1923–24 Prima Divisione,
reep_sf5095dc0,Q181183,1924 Uruguayan Primera División,
reep_sf003d860,Q943196,1924–25 Allsvenskan,
reep_s61ab857c,Q1675111,1924–25 Prima Divisione,
reep_s04247e20,Q4561767,1925 Uruguayan Primera División,
reep_s39248bc9,Q264547,1925–26 Allsvenskan,
reep_s52458746,Q516954,1925–26 Prima Divisione,
reep_s63496aea,Q181188,1926 Uruguayan Primera División,
reep_s66a56cff,Q944982,1926–27 Allsvenskan,
reep_s5fa0d937,Q1675114,1926–27 Divisione Nazionale,
reep_s628020a9,Q3911661,1926–27 Prima Divisione,
reep_sd80fdd36,Q3953916,1926–27 Seconda Divisione,
reep_s5ede984c,Q217656,1927 Uruguayan Primera División,
reep_s4be0ad50,Q944992,1927–28 Allsvenskan,
reep_s201e25fe,Q1601519,1927–28 Divisione Nazionale,
reep_s8fe1d23e,Q3544914,1927–28 Panhellenic Championship,
reep_s7ea0d8f8,Q217658,1928 Uruguayan Primera División,
reep_s1185984a,Q945029,1928–29 Allsvenskan,
reep_s7727fdd2,Q1675119,1928–29 Divisione Nazionale,
reep_s6b7c0459,Q12883001,1928–29 Panhellenic Championship,
reep_s8babd0b9,Q3911663,1928–29 Prima Divisione,
reep_sd0247ae0,Q695760,1929 La Liga,
reep_s97ee05ad,Q400099,1929 Uruguayan Primera División,
reep_se33756d6,Q516803,1929–30 Allsvenskan,
reep_sfecbfc17,Q695752,1929–30 La Liga,
reep_s339499c1,Q3566779,1929–30 Panhellenic Championship,
reep_se5910a83,Q3911664,1929–30 Prima Divisione,
reep_s2e73043f,Q826698,1929–30 Serie A,
reep_s6929baf8,Q1960472,1929–30 Serie B,
reep_seab9134f,Q378068,1930–31 Allsvenskan,
reep_sf3567836,Q223500,1930–31 La Liga,
reep_s76e34fce,Q3566767,1930–31 Panhellenic Championship,
reep_sc9fb2f65,Q747635,1930–31 Prima Divisione,
reep_scd6c2c11,Q597492,1930–31 Serie A,
reep_s66acd2d2,Q2117953,1930–31 Serie B,
reep_s858961fd,Q391449,1931 Uruguayan Primera División,
reep_sd6577886,Q1061461,1931–32 Allsvenskan,
reep_s8b242d32,Q627898,1931–32 La Liga,
reep_s597f3cbd,Q3566748,1931–32 Panhellenic Championship,
reep_s9151cebc,Q3911666,1931–32 Prima Divisione,
reep_s1206fa7f,Q763249,1931–32 Serie A,
reep_s6c548579,Q2117972,1931–32 Serie B,
reep_s2e1ee67c,Q2629185,1932 Uruguayan Primera División,
reep_sbbbacfc3,Q639767,1932–33 Allsvenskan,
reep_s8220f283,Q616704,1932–33 French Division 1,
reep_sdbf1b032,Q757305,1932–33 La Liga,
reep_s6c54a939,Q3566695,1932–33 Panhellenic Championship,
reep_s2f6844b9,Q3911667,1932–33 Prima Divisione,
reep_s5ac851f8,Q614207,1932–33 Serie A,
reep_s1033924c,Q1888722,1932–33 Serie B,
reep_s4b3e952a,Q2629481,1933 Uruguayan Primera División,
reep_s5de15cbd,Q761564,1933–34 Allsvenskan,
reep_s2a69a577,Q337934,1933–34 French Division 1,
reep_se512acd9,Q1231111,1933–34 French Division 2,
reep_sf16f92f9,Q757309,1933–34 La Liga,
reep_s801c7015,Q3566707,1933–34 Panhellenic Championship,
reep_s20a0d9d3,Q3921477,1933–34 Prima Divisione,
reep_s30649eb7,Q540570,1933–34 Serie A,
reep_s7bb2d42e,Q1629849,1933–34 Serie B,
reep_s48d8d1f1,Q783214,1934 Uruguayan Primera División,
reep_sa49598ed,Q1061455,1934–35 Allsvenskan,
reep_sc36b8f49,Q616604,1934–35 French Division 1,
reep_sc1fcc96e,Q1231121,1934–35 French Division 2,
reep_s8c1b2bd5,Q835007,1934–35 La Liga,
reep_s2b1e3f91,Q12655784,1934–35 Panhellenic Championship,
reep_s67b7b92b,Q3921490,1934–35 Prima Divisione,
reep_s11c56d55,Q254550,1934–35 Serie A,
reep_s90de9c87,Q1636348,1934–35 Serie B,
reep_s795580c7,Q2629297,1935 Uruguayan Primera División,
reep_s01d4bb52,Q630639,1935–36 Allsvenskan,
reep_s247f7188,Q1230781,1935–36 French Division 1,
reep_sc7d3ec93,Q1231124,1935–36 French Division 2,
reep_seeec35d8,Q740192,1935–36 La Liga,
reep_sb2652cfe,Q3566752,1935–36 Panhellenic Championship,
reep_sdba4c928,Q900512,1935–36 Serie A,
reep_s99584943,Q1241634,1935–36 Serie B,
reep_s160bdff6,Q3957733,1935–36 Serie C,
reep_s796b75cc,Q2629486,1936 Uruguayan Primera División,
reep_s8ac10caf,Q952757,1936–37 Allsvenskan,
reep_s00833b23,Q1230784,1936–37 French Division 1,
reep_sccce83aa,Q1231125,1936–37 French Division 2,
reep_sd3a63abd,Q124219883,1936–37 La Liga,
reep_s203a48b0,Q3566740,1936–37 Panhellenic Championship,
reep_sd4a9e183,Q911097,1936–37 Serie A,
reep_sdea9d1ac,Q1636358,1936–37 Serie B,
reep_s60c66dc9,Q3957735,1936–37 Serie C,
reep_s7e819be6,Q669336,1937 Uruguayan Primera División,
reep_s67f90af3,Q1061733,1937–38 Allsvenskan,
reep_sbbf4ca03,Q1230782,1937–38 French Division 1,
reep_s48b08835,Q1231126,1937–38 French Division 2,
reep_s030798bf,Q3566758,1937–38 Panhellenic Championship,
reep_sfc288296,Q844759,1937–38 Serie A,
reep_s07cdaefe,Q1636662,1937–38 Serie B,
reep_s4f6d6440,Q3957736,1937–38 Serie C,
reep_s24a08e96,Q964072,1938 Uruguayan Primera División,
reep_s766c9fb7,Q1061701,1938–39 Allsvenskan,
reep_sbe2e1552,Q1230791,1938–39 French Division 1,
reep_s477d9e14,Q1231131,1938–39 French Division 2,
reep_sb65eedcc,Q3566722,1938–39 Panhellenic Championship,
reep_se04191e1,Q911089,1938–39 Serie A,
reep_s3c706c59,Q1636370,1938–39 Serie B,
reep_s11437102,Q3957737,1938–39 Serie C,
reep_s39e37fda,Q2399312,1939 Uruguayan Primera División,
reep_sd9b74db9,Q591232,1939–40 Allsvenskan,
reep_sd931a7b9,Q580198,1939–40 La Liga,
reep_s7baa3683,Q3566732,1939–40 Panhellenic Championship,
reep_s98c322b4,Q548311,1939–40 Serie A,
reep_s9ccae91f,Q911166,1939–40 Serie B,
reep_s1c8127bc,Q3957739,1939–40 Serie C,
reep_s8fc8dd95,Q1118361,1940 Uruguayan Primera División,
reep_s63390f72,Q250188,1940–41 Allsvenskan,
reep_s96599f3b,Q839789,1940–41 La Liga,
reep_s57aa0d6c,Q4564861,1940–41 Panhellenic Championship,
reep_s426d2b4c,Q911330,1940–41 Serie A,
reep_s2604b48f,Q1396606,1940–41 Serie B,
reep_sb47d1fee,Q3957740,1940–41 Serie C,
reep_s2225a604,Q2629471,1941 Uruguayan Primera División,
reep_s3c1b9642,Q254864,1941–42 Allsvenskan,
reep_s9a077777,Q834983,1941–42 La Liga,
reep_s3738d9d1,Q105082084,1941–42 Panhellenic Championship,
reep_s129be6d1,Q910671,1941–42 Serie A,
reep_s5f6dd8f3,Q1363326,1941–42 Serie B,
reep_s465c71c9,Q3957743,1941–42 Serie C,
reep_sce2c73a3,Q2629457,1942 Uruguayan Primera División,
reep_sd853f2aa,Q1062012,1942–43 Allsvenskan,
reep_s8150a439,Q540086,1942–43 La Liga,
reep_sc169cb4b,Q13624413,1942–43 Panhellenic Championship,
reep_s5d32d034,Q910660,1942–43 Serie A,
reep_s5f2e8d4a,Q1637002,1942–43 Serie B,
reep_sa7f969ad,Q3957744,1942–43 Serie C,
reep_s4e690ae5,Q2629462,1943 Uruguayan Primera División,
reep_sfad298bf,Q943227,1943–44 Allsvenskan,
reep_s913965e9,Q224474,1943–44 La Liga,
reep_s38d9d56f,Q105081957,1943–44 Panhellenic Championship,
reep_s292508fb,Q2629146,1944 Uruguayan Primera División,
reep_s41215531,Q1061697,1944–45 Allsvenskan,
reep_sc3195c31,Q659980,1944–45 La Liga,
reep_s51a025e6,Q104864745,1944–45 Panhellenic Championship,
reep_s7b25fc6a,Q509694,1945 Uruguayan Primera División,
reep_sfd18ca8f,Q1061613,1945–46 Allsvenskan,
reep_sf86c5baa,Q637570,1945–46 French Division 1,
reep_s14ea50e7,Q747246,1945–46 French Division 2,
reep_s8331bfdc,Q671013,1945–46 La Liga,
reep_s3334a246,Q3566726,1945–46 Panhellenic Championship,
reep_s9d4f15d5,Q581109,1945–46 Serie A–B,
reep_s4565f29a,Q3957456,1945–46 Serie B–C,
reep_sac9f44cd,Q3957746,1945–46 Serie C,
reep_sf938afa5,Q2629441,1946 Uruguayan Primera División,
reep_sc4458efd,Q1061758,1946–47 Allsvenskan,
reep_s680f0c19,Q1230834,1946–47 French Division 1,
reep_sa30fff6d,Q1231133,1946–47 French Division 2,
reep_s8bdf27bf,Q834952,1946–47 La Liga,
reep_sae8669b9,Q3566700,1946–47 Panhellenic Championship,
reep_s1402e224,Q425774,1946–47 Serie A,
reep_s869f32a2,Q1053719,1946–47 Serie B,
reep_sc94a5111,Q3957751,1946–47 Serie C,
reep_s3e3bd4dd,Q2629121,1947 Uruguayan Primera División,
reep_s7dd110de,Q1061620,1947–48 Allsvenskan,
reep_s49a53630,Q1230836,1947–48 French Division 1,
reep_scba7456c,Q1231136,1947–48 French Division 2,
reep_s065d3699,Q839792,1947–48 La Liga,
reep_s17cf1faa,Q3566742,1947–48 Panhellenic Championship,
reep_s0b1cfdcb,Q853376,1947–48 Serie A,
reep_s1a6eb6b8,Q1053652,1947–48 Serie B,
reep_s32de8581,Q3957755,1947–48 Serie C,
reep_s1b01f3f9,Q2629431,1948 Uruguayan Primera División,
reep_sb8c09af0,Q1061774,1948–49 Allsvenskan,
reep_s7c03bda7,Q384689,1948–49 French Division 1,
reep_s25a00606,Q203189,1948–49 French Division 2,
reep_s3073fb63,Q540620,1948–49 La Liga,
reep_sd623fb71,Q3566763,1948–49 Panhellenic Championship,
reep_se4cc0cc1,Q909441,1948–49 Serie A,
reep_s54a55d7b,Q1169334,1948–49 Serie B,
reep_s60b046de,Q3957757,1948–49 Serie C,
reep_sfd962ce4,Q2629035,1949 Uruguayan Primera División,
reep_sd39f2be2,Q1061789,1949–50 Allsvenskan,
reep_s813d6c19,Q368925,1949–50 French Division 1,
reep_s2c377cf7,Q264789,1949–50 French Division 2,
reep_sb0a6ef5d,Q776036,1949–50 La Liga,
reep_s777a3f5d,Q12655786,1949–50 Panhellenic Championship,
reep_s9a6b9f14,Q853368,1949–50 Serie A,
reep_s36acec20,Q1053766,1949–50 Serie B,
reep_seca14d2a,Q3957758,1949–50 Serie C,
reep_s0cf02c37,Q2629515,1950 Uruguayan Primera División,
reep_sa75df141,Q612425,1950–51 Allsvenskan,
reep_sd165de3b,Q770642,1950–51 French Division 1,
reep_sce3cf473,Q1231138,1950–51 French Division 2,
reep_s0ffb4c59,Q524368,1950–51 La Liga,
reep_s427e81ce,Q3566784,1950–51 Panhellenic Championship,
reep_s22e49eb7,Q637287,1950–51 Serie A,
reep_safd198cb,Q1161583,1950–51 Serie B,
reep_sefbf9547,Q3957759,1950–51 Serie C,
reep_s40b0550d,Q2629358,1951 Uruguayan Primera División,
reep_sadf5bb83,Q762158,1951–52 Allsvenskan,
reep_s920d54c7,Q1230844,1951–52 French Division 1,
reep_sb9dd8ed3,Q683221,1951–52 French Division 2,
reep_s1599e114,Q839760,1951–52 La Liga,
reep_sb3c79c9a,Q12655787,1951–52 Panhellenic Championship,
reep_sf8041a40,Q853386,1951–52 Serie A,
reep_s4305933a,Q1053679,1951–52 Serie B,
reep_se234e287,Q367171,1951–52 Serie C,
reep_se9edd575,Q2629498,1952 Uruguayan Primera División,
reep_s2218681d,Q1061710,1952–53 Allsvenskan,
reep_sccb86e34,Q1228571,1952–53 French Division 1,
reep_s87e2be8e,Q1231145,1952–53 French Division 2,
reep_sdb45b398,Q430774,1952–53 La Liga,
reep_s28a55c4e,Q3566661,1952–53 Panhellenic Championship,
reep_s1dff9517,Q843507,1952–53 Serie A,
reep_s72efa8e3,Q1053714,1952–53 Serie B,
reep_sfac012a7,Q635796,1952–53 Serie C,
reep_s0f7bf72f,Q2629509,1953 Uruguayan Primera División,
reep_s6f7d7522,Q528504,1953–54 Allsvenskan,
reep_scf40677a,Q473099,1953–54 French Division 1,
reep_s121cd0d6,Q540507,1953–54 French Division 2,
reep_sc00b3d1e,Q766773,1953–54 La Liga,
reep_s44485d89,Q3566713,1953–54 Panhellenic Championship,
reep_s7ec9fbf4,Q843502,1953–54 Serie A,
reep_s9434facb,Q1053771,1953–54 Serie B,
reep_sd07b2a67,Q3957760,1953–54 Serie C,
reep_sa00e82cc,Q2629363,1954 Uruguayan Primera División,
reep_sd3a976ac,Q1061799,1954–55 Allsvenskan,
reep_sbe050c24,Q527334,1954–55 French Division 1,
reep_s49860fca,Q1231146,1954–55 French Division 2,
reep_s322c4b2d,Q834962,1954–55 La Liga,
reep_s1a087d62,Q3566688,1954–55 Panhellenic Championship,
reep_s23438498,Q512141,1954–55 Serie A,
reep_sbde6cbda,Q1053711,1954–55 Serie B,
reep_s282d1c74,Q3957761,1954–55 Serie C,
reep_s4aab7023,Q2629018,1955 Uruguayan Primera División,
reep_sb6da6c8d,Q1061605,1955–56 Allsvenskan,
reep_sc60748b7,Q1230864,1955–56 French Division 1,
reep_s02087ba1,Q1231147,1955–56 French Division 2,
reep_s98d08261,Q389116,1955–56 La Liga,
reep_s650a92bc,Q3566670,1955–56 Panhellenic Championship,
reep_sd0de847e,Q648052,1955–56 Serie A,
reep_s4f00d8ca,Q1053672,1955–56 Serie B,
reep_se6b7b7e2,Q3957762,1955–56 Serie C,
reep_s2d53707b,Q2629279,1956 Uruguayan Primera División,
reep_s3dfabff4,Q1061430,1956–57 Allsvenskan,
reep_s1872d769,Q1230871,1956–57 French Division 1,
reep_s3f56494d,Q1231149,1956–57 French Division 2,
reep_s0fb2d813,Q585964,1956–57 La Liga,
reep_s20aa9d0b,Q3566681,1956–57 Panhellenic Championship,
reep_s9b960d5c,Q853396,1956–57 Serie A,
reep_s0685ad96,Q1053724,1956–57 Serie B,
reep_sab743305,Q3957763,1956–57 Serie C,
reep_sb88cbc78,Q2629174,1957 Uruguayan Primera División,
reep_sdb4cde51,Q921129,1957–58 Allsvenskan,
reep_s616d5867,Q531055,1957–58 French Division 1,
reep_s820ec484,Q1231152,1957–58 French Division 2,
reep_scae7b1a2,Q834945,1957–58 La Liga,
reep_sc432fc0a,Q3566677,1957–58 Panhellenic Championship,
reep_sdd1fefed,Q849500,1957–58 Serie A,
reep_sfa97b46c,Q1053666,1957–58 Serie B,
reep_s83d59f40,Q737683,1957–58 Serie C,
reep_s8676266a,Q2629274,1958 Uruguayan Primera División,
reep_sc61c71f2,Q762265,1958–59 French Division 1,
reep_sdeb27144,Q1231156,1958–59 French Division 2,
reep_s92ebc19a,Q743008,1958–59 La Liga,
reep_s0fe14525,Q3566788,1958–59 Panhellenic Championship,
reep_see216452,Q841939,1958–59 Serie A,
reep_s2937daef,Q1053716,1958–59 Serie B,
reep_sd67477af,Q3957765,1958–59 Serie C,
reep_s4eb36e01,Q386264,1959 Allsvenskan,
reep_s309dec22,Q973744,1959 Uruguayan Primera División,
reep_sf0ae4651,Q2720916,1959–60 Alpha Ethniki,
reep_s53cde4f3,Q203003,1959–60 French Division 1,
reep_se6538d7d,Q1231163,1959–60 French Division 2,
reep_s8d198998,Q834978,1959–60 La Liga,
reep_s0ad4fa29,Q903567,1959–60 Serie A,
reep_s3d8b369f,Q1053701,1959–60 Serie B,
reep_sc72e197e,Q3957764,1959–60 Serie C,
reep_s15da8a0c,Q1061597,1960 Allsvenskan,
reep_s7892d032,Q2629112,1960 Uruguayan Primera División,
reep_s6012cbda,Q2547161,1960–61 Alpha Ethniki,
reep_s424e475d,Q1230884,1960–61 French Division 1,
reep_sbed6794a,Q1231160,1960–61 French Division 2,
reep_sba04db10,Q594278,1960–61 La Liga,
reep_sd0a11eb8,Q903593,1960–61 Serie A,
reep_sa3f3b481,Q3957490,1960–61 Serie B,
reep_se0939571,Q3957766,1960–61 Serie C,
reep_sf747eb5d,Q955650,1961 Allsvenskan,
reep_s69a05e3e,Q2629424,1961 Uruguayan Primera División,
reep_s1474e2f8,Q2546597,1961–62 Alpha Ethniki,
reep_sd1534065,Q1230891,1961–62 French Division 1,
reep_sd2dd162b,Q1231162,1961–62 French Division 2,
reep_s1e23bfe4,Q834968,1961–62 La Liga,
reep_s74852591,Q904986,1961–62 Serie A,
reep_sd911975d,Q3957494,1961–62 Serie B,
reep_sd7a5b6e5,Q3957767,1961–62 Serie C,
reep_s8c6ccf1e,Q630443,1962 Allsvenskan,
reep_s3715b9a9,Q2629135,1962 Uruguayan Primera División,
reep_s26363602,Q2948825,1962–63 Algerian Championnat National,
reep_scd5514c7,Q2547018,1962–63 Alpha Ethniki,
reep_s62bca7ac,Q1230895,1962–63 French Division 1,
reep_sd25ef945,Q1231166,1962–63 French Division 2,
reep_s6dc21fd7,Q757325,1962–63 La Liga,
reep_s3f2f67a5,Q847794,1962–63 Serie A,
reep_s3b81454f,Q3957493,1962–63 Serie B,
reep_s68f9c548,Q3957768,1962–63 Serie C,
reep_s32c2ec0a,Q599818,1963 Allsvenskan,
reep_s1e61a1fe,Q2629436,1963 Uruguayan Primera División,
reep_s7a525e9d,Q2948827,1963–64 Algerian Championnat National,
reep_sb311912e,Q2546640,1963–64 Alpha Ethniki,
reep_s1aac9788,Q1230916,1963–64 French Division 1,
reep_s8297cd54,Q980290,1963–64 French Division 2,
reep_sc2db728b,Q614841,1963–64 La Liga,
reep_s83be1a6b,Q432403,1963–64 Serie A,
reep_s545f7641,Q3957492,1963–64 Serie B,
reep_se2cb6d8a,Q3957771,1963–64 Serie C,
reep_s458749c2,Q1061766,1964 Allsvenskan,
reep_s3533e37d,Q2629447,1964 Uruguayan Primera División,
reep_s8dbf18c9,Q2948828,1964–65 Algerian Championnat National,
reep_s9daab9ee,Q2547148,1964–65 Alpha Ethniki,
reep_scc0edcc3,Q1230909,1964–65 French Division 1,
reep_sff70d33b,Q1231173,1964–65 French Division 2,
reep_sbf25611a,Q279768,1964–65 La Liga,
reep_s34f19e29,Q847686,1964–65 Serie A,
reep_sa06c1c03,Q3957491,1964–65 Serie B,
reep_sb2a83588,Q527428,1964–65 Serie C,
reep_s20f3ff1d,Q1061468,1965 Allsvenskan,
reep_s8df94ab4,Q2629352,1965 Uruguayan Primera División,
reep_sbbb49613,Q2948830,1965–66 Algerian Championnat National,
reep_s6abd115a,Q987921,1965–66 Alpha Ethniki,
reep_s89776e24,Q1230930,1965–66 French Division 1,
reep_s7fdb492a,Q1231170,1965–66 French Division 2,
reep_sbf5acd29,Q832153,1965–66 La Liga,
reep_s8eb9105a,Q781037,1965–66 Serie A,
reep_sc9a0dcf8,Q3957495,1965–66 Serie B,
reep_s070b7927,Q3957769,1965–66 Serie C,
reep_s77939eb2,Q781793,1966 Allsvenskan,
reep_sdbe81030,Q2629027,1966 Uruguayan Primera División,
reep_sd728a58e,Q2948832,1966–67 Algerian Championnat National,
reep_s3fe47dcc,Q987928,1966–67 Alpha Ethniki,
reep_s8d210167,Q567732,1966–67 French Division 1,
reep_s4b068b87,Q1231175,1966–67 French Division 2,
reep_sb7a7488e,Q255767,1966–67 La Liga,
reep_sf3184e61,Q569127,1966–67 Serie A,
reep_sf116a1b1,Q3957496,1966–67 Serie B,
reep_sf2b2add3,Q3957770,1966–67 Serie C,
reep_s471109d2,Q1061489,1967 Allsvenskan,
reep_s322855c4,Q772121,1967 Uruguayan Primera División,
reep_s5c20a126,Q2948831,1967–68 Algerian Championnat National,
reep_s156b7823,Q2547081,1967–68 Alpha Ethniki,
reep_s4539b34c,Q264683,1967–68 French Division 1,
reep_sd50f6df5,Q962315,1967–68 French Division 2,
reep_s916e4171,Q757316,1967–68 La Liga,
reep_s5d32f177,Q905007,1967–68 Serie A,
reep_sc47f8e43,Q3957497,1967–68 Serie B,
reep_s54233d3a,Q3957772,1967–68 Serie C,
reep_scfd99006,Q1061808,1968 Allsvenskan,
reep_sfc806392,Q650110,1968 Uruguayan Primera División,
reep_s0cc2c2dd,Q2948834,1968–69 Algerian Championnat National,
reep_s01237ca9,Q2547120,1968–69 Alpha Ethniki,
reep_s19fbe70d,Q1230939,1968–69 French Division 1,
reep_s9d5471d1,Q1231181,1968–69 French Division 2,
reep_sab579e0b,Q583777,1968–69 La Liga,
reep_saa894328,Q903585,1968–69 Serie A,
reep_s88431764,Q3957498,1968–69 Serie B,
reep_s3b8a3781,Q3957773,1968–69 Serie C,
reep_s4efe561e,Q527222,1969 Allsvenskan,
reep_s0dc2a07c,Q2629292,1969 Uruguayan Primera División,
reep_sa20889be,Q2948835,1969–70 Algerian Championnat National,
reep_s54161bdd,Q2547178,1969–70 Alpha Ethniki,
reep_s973eb0a6,Q1230944,1969–70 French Division 1,
reep_s8ef20799,Q751035,1969–70 French Division 2,
reep_s6d2af928,Q832182,1969–70 La Liga,
reep_s33ed3ad2,Q903558,1969–70 Serie A,
reep_sd497f839,Q3957499,1969–70 Serie B,
reep_s72d372a9,Q3957774,1969–70 Serie C,
reep_s2bcc411b,Q1061741,1970 Allsvenskan,
reep_s59f2292f,Q2629165,1970 Uruguayan Primera División,
reep_s17513711,Q2948836,1970–71 Algerian Championnat National,
reep_s79cb587b,Q2547067,1970–71 Alpha Ethniki,
reep_s51b546d9,Q1230958,1970–71 French Division 1,
reep_sfdef0cf8,Q282481,1970–71 French Division 2,
reep_sbbee2ac1,Q740738,1970–71 La Liga,
reep_s92e636dd,Q682711,1970–71 Serie A,
reep_s5bfe17e9,Q289734,1970–71 Serie B,
reep_s127996dc,Q3957775,1970–71 Serie C,
reep_sa295bc83,Q661366,1971 Allsvenskan,
reep_s389b0d18,Q677781,1971 Uruguayan Primera División,
reep_sca7adbde,Q2948837,1971–72 Algerian Championnat National,
reep_s815013b2,Q2551700,1971–72 Alpha Ethniki,
reep_secc7f826,Q1230966,1971–72 French Division 1,
reep_s27d502ac,Q1231182,1971–72 French Division 2,
reep_s05805c37,Q535351,1971–72 La Liga,
reep_s32c95c08,Q1338341,1971–72 Serie A,
reep_sbe8819a0,Q1053788,1971–72 Serie B,
reep_sbba393d1,Q3957777,1971–72 Serie C,
reep_sdcd5943c,Q1061748,1972 Allsvenskan,
reep_s1594aea2,Q2629285,1972 Uruguayan Primera División,
reep_s938a9bc9,Q2948838,1972–73 Algerian Championnat National,
reep_seab3e6d4,Q2548696,1972–73 Alpha Ethniki,
reep_s02f29c6b,Q547723,1972–73 French Division 1,
reep_sae19dec5,Q1231184,1972–73 French Division 2,
reep_s5fb3123c,Q838346,1972–73 La Liga,
reep_sb1393f7e,Q1414848,1972–73 Serie A,
reep_sa0ce1e78,Q1053657,1972–73 Serie B,
reep_s4bfcb1f2,Q3957778,1972–73 Serie C,
reep_se8d7165d,Q1061724,1973 Allsvenskan,
reep_s9e4694f5,Q2638315,1973 Uruguayan Primera División,
reep_s84442486,Q2948840,1973–74 Algerian Championnat National,
reep_s4f2af4e4,Q2548686,1973–74 Alpha Ethniki,
reep_s05ef7ad8,Q514882,1973–74 French Division 1,
reep_sb8826046,Q1231189,1973–74 French Division 2,
reep_s19b16081,Q751325,1973–74 La Liga,
reep_s2ccf1062,Q1414855,1973–74 Serie A,
reep_s21778bc7,Q730866,1973–74 Serie B,
reep_s1077e001,Q3957779,1973–74 Serie C,
reep_sb292adf2,Q1061719,1974 Allsvenskan,
reep_sc0f356b0,Q2640333,1974 Uruguayan Primera División,
reep_sb49f8b83,Q2948839,1974–75 Algerian Championnat National,
reep_s5b847473,Q2548735,1974–75 Alpha Ethniki,
reep_s316a7074,Q116245,1974–75 French Division 1,
reep_s1bd5391f,Q1231191,1974–75 French Division 2,
reep_sb0095d4f,Q691425,1974–75 La Liga,
reep_s0598f131,Q1414835,1974–75 Serie A,
reep_s198df000,Q973019,1974–75 Serie B,
reep_s317d0927,Q3957780,1974–75 Serie C,
reep_se776db5f,Q526824,1975 Allsvenskan,
reep_s04df23c2,Q2638785,1975 Uruguayan Primera División,
reep_se3ceda3f,Q2948841,1975–76 Algerian Championnat National,
reep_s56ad9545,Q2551743,1975–76 Alpha Ethniki,
reep_sd6675813,Q910722,1975–76 French Division 1,
reep_sc96f80c2,Q1231198,1975–76 French Division 2,
reep_sa1813dba,Q241363,1975–76 La Liga,
reep_s13f5e2c3,Q1414829,1975–76 Serie A,
reep_s3df77fea,Q3957510,1975–76 Serie B,
reep_sbf976c98,Q3957781,1975–76 Serie C,
reep_se4cc90ab,Q119176,1976 Allsvenskan,
reep_sb9ef61f4,Q2638772,1976 Uruguayan Primera División,
reep_s6de653d5,Q2948842,1976–77 Algerian Championnat National,
reep_sece5fade,Q656295,1976–77 Alpha Ethniki,
reep_saf901e62,Q1230988,1976–77 French Division 1,
reep_s2912dbf1,Q1231194,1976–77 French Division 2,
reep_sb3eae469,Q524472,1976–77 La Liga,
reep_s337783d4,Q1414841,1976–77 Serie A,
reep_s6078f778,Q3957512,1976–77 Serie B,
reep_se7fb54cb,Q3957782,1976–77 Serie C,
reep_s35930cf2,Q426046,1977 Allsvenskan,
reep_s2500ab58,Q2474109,1977 Uruguayan Primera División,
reep_s3c80d184,Q2948843,1977–78 Algerian Championnat National,
reep_sbe85bc97,Q2551716,1977–78 Alpha Ethniki,
reep_sc101e6e4,Q1230991,1977–78 French Division 1,
reep_sbdf2ee4a,Q683350,1977–78 French Division 2,
reep_s43d907e2,Q838351,1977–78 La Liga,
reep_s5c7b5be7,Q1415486,1977–78 Serie A,
reep_scb742c5e,Q3957513,1977–78 Serie B,
reep_sf860a719,Q3957783,1977–78 Serie C,
reep_s4c56c53e,Q648320,1978 Allsvenskan,
reep_s130469e6,Q2474123,1978 Uruguayan Primera División,
reep_saf816c13,Q2948844,1978–79 Algerian Championnat National,
reep_sf96a3e65,Q3562361,1978–79 Alpha Ethniki,
reep_s683ec312,Q1230993,1978–79 French Division 1,
reep_s6faa815d,Q1231214,1978–79 French Division 2,
reep_s02e6138b,Q781091,1978–79 La Liga,
reep_s8bfb5247,Q538427,1978–79 Serie A,
reep_s45f1a11a,Q734841,1978–79 Serie B,
reep_se266ba97,Q959452,1979 Allsvenskan,
reep_sbe065942,Q2474136,1979 Uruguayan Primera División,
reep_s1ea436c2,Q2948846,1979–80 Algerian Championnat National,
reep_s23811dc6,Q2551709,1979–80 Alpha Ethniki,
reep_s52d841db,Q1230998,1979–80 French Division 1,
reep_s9f56ca60,Q1231209,1979–80 French Division 2,
reep_s7abea797,Q838354,1979–80 La Liga,
reep_s78dab693,Q731654,1979–80 Serie A,
reep_sbf1e1db9,Q3957522,1979–80 Serie B,
reep_sdefc170b,Q630908,1980 Allsvenskan,
reep_s4b8d6ccf,Q2640303,1980 Uruguayan Primera División,
reep_s1e51e3bd,Q2948847,1980–81 Algerian Championnat National,
reep_s582068da,Q2551691,1980–81 Alpha Ethniki,
reep_saf6f9d61,Q590695,1980–81 French Division 1,
reep_s65d92a66,Q1231205,1980–81 French Division 2,
reep_s06b87326,Q280174,1980–81 La Liga,
reep_s7e20e573,Q907631,1980–81 Serie A,
reep_saec0f7bd,Q3957525,1980–81 Serie B,
reep_s64ce9c43,Q1061692,1981 Allsvenskan,
reep_sd9162ee3,Q975233,1981 Uruguayan Primera División,
reep_sa454085e,Q2551680,1981–82 Alpha Ethniki,
reep_s6389aad1,Q970254,1981–82 French Division 1,
reep_s15e1c7b1,Q1231218,1981–82 French Division 2,
reep_s9e66dab3,Q720621,1981–82 La Liga,
reep_sdfb583d9,Q909140,1981–82 Serie A,
reep_s9cc12a37,Q3957528,1981–82 Serie B,
reep_s2549582a,Q1061593,1982 Allsvenskan,
reep_saa7694a9,Q978577,1982 Uruguayan Primera División,
reep_s7f8bff69,Q2948849,1982–83 Algerian Championnat National,
reep_sd9b625e1,Q2951599,1982–83 Alpha Ethniki,
reep_sf816d89f,Q185779,1982–83 French Division 1,
reep_s139e42f6,Q1231216,1982–83 French Division 2,
reep_sff56a6df,Q615583,1982–83 La Liga,
reep_sd289ad54,Q907646,1982–83 Serie A,
reep_s582c5435,Q3957534,1982–83 Serie B,
reep_sdbf3bee5,Q6185247,1983 Allsvenskan,
reep_s580ff758,Q623774,1983 K-League,
reep_sa7f179a4,Q535665,1983 Uruguayan Primera División,
reep_s3a0ec934,Q2948850,1983–84 Algerian Championnat National,
reep_s193cc09f,Q2552660,1983–84 Alpha Ethniki,
reep_s6855181c,Q1231013,1983–84 French Division 1,
reep_sa59b4488,Q1231220,1983–84 French Division 2,
reep_s692d2a5e,Q719848,1983–84 La Liga,
reep_s2a8da91a,Q909152,1983–84 Serie A,
reep_sbafd6362,Q3957537,1983–84 Serie B,
reep_s7ded6bf3,Q278726,1984 Allsvenskan,
reep_s80a33e8a,Q624989,1984 K-League,
reep_s0e809f25,Q2638396,1984 Uruguayan Primera División,
reep_s347d289c,Q2948851,1984–85 Algerian Championnat National,
reep_s86cf88b0,Q2552716,1984–85 Alpha Ethniki,
reep_s551f7f32,Q1231023,1984–85 French Division 1,
reep_s8e2a94c9,Q1231227,1984–85 French Division 2,
reep_s3648ed44,Q720573,1984–85 La Liga,
reep_sa093d80e,Q748529,1984–85 Serie A,
reep_s2217ba54,Q3957540,1984–85 Serie B,
reep_s14827503,Q510895,1985 Allsvenskan,
reep_sac06ee1f,Q493152,1985 K-League,
reep_s681fef18,Q2473981,1985 Uruguayan Primera División,
reep_s79492a56,Q2948853,1985–86 Algerian Championnat National,
reep_s845ba92c,Q2552301,1985–86 Alpha Ethniki,
reep_s9f5e1543,Q1231030,1985–86 French Division 1,
reep_s4a8eed1f,Q1231229,1985–86 French Division 2,
reep_se41e85e3,Q370166,1985–86 La Liga,
reep_sb2f46b02,Q909161,1985–86 Serie A,
reep_s807950f5,Q3957538,1985–86 Serie B,
reep_s0f456d86,Q1061481,1986 Allsvenskan,
reep_s88749bb7,Q493159,1986 K-League,
reep_sacd0aa86,Q2473996,1986 Uruguayan Primera División,
reep_se1fc6324,Q2948854,1986–87 Algerian Championnat National,
reep_s6dbb0fdb,Q2552234,1986–87 Alpha Ethniki,
reep_se43b0785,Q962508,1986–87 French Division 1,
reep_s9033d60b,Q1231231,1986–87 French Division 2,
reep_s1fb5749b,Q528439,1986–87 La Liga,
reep_sc0be27f5,Q776012,1986–87 Serie A,
reep_sd6d9e11c,Q3957541,1986–87 Serie B,
reep_s74586eb7,Q740633,1987 Allsvenskan,
reep_s68fa7c05,Q493172,1987 K-League,
reep_s4f3c769e,Q2473958,1987 Uruguayan Primera División,
reep_s6d6a70bc,Q2948856,1987–88 Algerian Championnat National,
reep_sa88560cc,Q2552288,1987–88 Alpha Ethniki,
reep_s2667d843,Q1231036,1987–88 French Division 1,
reep_sfee9fc6f,Q1146883,1987–88 French Division 2,
reep_sf2b184f7,Q720590,1987–88 La Liga,
reep_sa4e518cd,Q202657,1987–88 Serie A,
reep_s0f763641,Q3957544,1987–88 Serie B,
reep_se7d4001f,Q940885,1988 Allsvenskan,
reep_s6181bab8,Q493197,1988 K-League,
reep_sb66bcd13,Q2473970,1988 Uruguayan Primera División,
reep_s6a91b2da,Q2948857,1988–89 Algerian Championnat National,
reep_s6507d74f,Q2552646,1988–89 Alpha Ethniki,
reep_se08ca049,Q1231043,1988–89 French Division 1,
reep_s980ff165,Q1231233,1988–89 French Division 2,
reep_sf2c02005,Q680174,1988–89 La Liga,
reep_seb2df126,Q727425,1988–89 Serie A,
reep_s3da47602,Q3957547,1988–89 Serie B,
reep_sfaaf1169,Q1061442,1989 Allsvenskan,
reep_sb63b2288,Q493186,1989 K-League,
reep_saac7b89c,Q2638749,1989 Uruguayan Primera División,
reep_s6b249957,Q2948858,1989–90 Algerian Championnat National,
reep_s70c5430a,Q2552691,1989–90 Alpha Ethniki,
reep_s0a28a9b3,Q1231055,1989–90 French Division 1,
reep_se4d6e516,Q1029035,1989–90 French Division 2,
reep_s2d23d4f0,Q577267,1989–90 La Liga,
reep_s5207092b,Q907715,1989–90 Serie A,
reep_s1754e522,Q3957550,1989–90 Serie B,
reep_s13836cc4,Q532503,1990 Allsvenskan,
reep_sb57c49fb,Q493412,1990 K-League,
reep_sefb84126,Q2638761,1990 Uruguayan Primera División,
reep_sb1d3f70f,Q2948859,1990–91 Algerian Championnat National,
reep_sbf4e0936,Q2552211,1990–91 Alpha Ethniki,
reep_s17b9a567,Q941377,1990–91 French Division 1,
reep_s360cdb9d,Q1231239,1990–91 French Division 2,
reep_sbb75ae89,Q283923,1990–91 La Liga,
reep_sb650b9d2,Q844321,1990–91 Serie A,
reep_s4ea35db0,Q3957551,1990–91 Serie B,
reep_s05706c42,Q608982,1991 Allsvenskan,
reep_se5580fcc,Q493418,1991 K-League,
reep_s6614c1e8,Q2638329,1991 Uruguayan Primera División,
reep_sa1ff5d9e,Q2948860,1991–92 Algerian Championnat National,
reep_sd2fcf87d,Q2552725,1991–92 Alpha Ethniki,
reep_s0c8a4e39,Q1231065,1991–92 French Division 1,
reep_sf38299d7,Q1231242,1991–92 French Division 2,
reep_s3d62195d,Q720554,1991–92 La Liga,
reep_sd473b3de,Q838760,1991–92 Serie A,
reep_s9590dce2,Q3957553,1991–92 Serie B,
reep_scce3f474,Q376312,1992 Allsvenskan,
reep_s683f6c38,Q493421,1992 K-League,
reep_sac386c83,Q2638805,1992 Uruguayan Primera División,
reep_s485f5612,Q2948862,1992–93 Algerian Championnat National,
reep_s904b1be5,Q2723610,1992–93 Alpha Ethniki,
reep_scc873afe,Q837731,1992–93 FA Premier League,
reep_sce9accef,Q1231072,1992–93 French Division 1,
reep_s049ca0a8,Q1231237,1992–93 French Division 2,
reep_sc32a80ca,Q178301,1992–93 La Liga,
reep_s2fe2cdac,Q843573,1992–93 Serie A,
reep_s0559f2cb,Q3957555,1992–93 Serie B,
reep_s0e0f70c5,Q1061628,1993 Allsvenskan,
reep_s60961d19,Q493268,1993 K-League,
reep_s47d1cb2c,Q2474098,1993 Uruguayan Primera División,
reep_sbebf206d,Q2948863,1993–94 Algerian Championnat National,
reep_s4e7305cd,Q2552920,1993–94 Alpha Ethniki,
reep_sad9ec6d5,Q841303,1993–94 FA Premier League,
reep_sa4270887,Q1231076,1993–94 French Division 1,
reep_sed1a1467,Q1231244,1993–94 French Division 2,
reep_s39ac6037,Q1087024,1993–94 Gambrinus liga,
reep_s9c2b42cf,Q720582,1993–94 La Liga,
reep_s9829dbbb,Q843569,1993–94 Serie A,
reep_s7c0301c7,Q3957558,1993–94 Serie B,
reep_s45805297,Q339792,1994 Allsvenskan,
reep_sd5476dca,Q493284,1994 K-League,
reep_s6e22a784,Q2474567,1994 Uruguayan Primera División,
reep_s0c9c4091,Q2948864,1994–95 Algerian Championnat National,
reep_sb366e753,Q2552935,1994–95 Alpha Ethniki,
reep_s915f2ee5,Q225273,1994–95 FA Premier League,
reep_s133d44b8,Q781448,1994–95 French Division 1,
reep_sabd28159,Q1231241,1994–95 French Division 2,
reep_sf6aa7fc9,Q1193514,1994–95 Gambrinus liga,
reep_s82e72fc3,Q720601,1994–95 La Liga,
reep_s7d76a1a3,Q838282,1994–95 Serie A,
reep_sa14300d0,Q3957560,1994–95 Serie B,
reep_sbc65c4f1,Q1061435,1995 Allsvenskan,
reep_s733a7357,Q493259,1995 K-League,
reep_s07e4d7d0,Q2638366,1995 Uruguayan Primera División,
reep_sb5e298ed,Q2948866,1995–96 Algerian Championnat National,
reep_sf9c481b4,Q2552880,1995–96 Alpha Ethniki,
reep_sf6d7dcb9,Q841266,1995–96 FA Premier League,
reep_sb642cdbc,Q1231080,1995–96 French Division 1,
reep_s01661df4,Q641818,1995–96 French Division 2,
reep_s9d919014,Q1080222,1995–96 Gambrinus liga,
reep_s351c46c3,Q720540,1995–96 La Liga,
reep_s2dac8ef3,Q644108,1995–96 Serie A,
reep_s54335c26,Q3957562,1995–96 Serie B,
reep_sa74280bb,Q947765,1996 Allsvenskan,
reep_s1f738f35,Q623940,1996 K-League,
reep_s4c66408a,Q605251,1996 Major League Soccer season,
reep_s61d4ebb1,Q39451,1996 Uruguayan Primera División,
reep_saae3f830,Q2948867,1996–97 Algerian Championnat National,
reep_s115d01e8,Q2552909,1996–97 Alpha Ethniki,
reep_s91bd0dea,Q533191,1996–97 FA Premier League,
reep_s24350f91,Q1231091,1996–97 French Division 1,
reep_s15ef2717,Q1231248,1996–97 French Division 2,
reep_s972c9961,Q971187,1996–97 Gambrinus liga,
reep_sefa975a6,Q721283,1996–97 La Liga,
reep_s943592ee,Q772832,1996–97 Serie A,
reep_s4e44e375,Q3957567,1996–97 Serie B,
reep_sc5caeb7c,Q1082277,1997 Allsvenskan,
reep_se600ee0a,Q498296,1997 K-League,
reep_s4b7be098,Q1784939,1997 Major League Soccer season,
reep_s39c63f83,Q2638352,1997 Uruguayan Primera División,
reep_s369bb8a9,Q2948868,1997–98 Algerian Championnat National,
reep_s10bd2736,Q2552627,1997–98 Alpha Ethniki,
reep_s1ff7f1e9,Q18995,1997–98 FA Premier League,
reep_sf11748ca,Q532980,1997–98 French Division 1,
reep_s93a763de,Q283249,1997–98 French Division 2,
reep_s1c16b62b,Q2569941,1997–98 Gambrinus liga,
reep_s701453e0,Q223368,1997–98 La Liga,
reep_s81930d48,Q865552,1997–98 Serie A,
reep_s8574c566,Q3957566,1997–98 Serie B,
reep_sc09188b9,Q120343,1998 Allsvenskan,
reep_s0ad3bca9,Q625156,1998 K-League,
reep_s80492f80,Q1249095,1998 Major League Soccer season,
reep_se0e23a58,Q2638341,1998 Uruguayan Primera División,
reep_s97e82765,Q2948869,1998–99 Algerian Championnat National,
reep_sb14a8b5e,Q2723593,1998–99 Alpha Ethniki,
reep_s43abd674,Q628453,1998–99 FA Premier League,
reep_sea4d6dfb,Q530762,1998–99 French Division 1,
reep_sf8ebace2,Q141601,1998–99 French Division 2,
reep_s1a30642d,Q2572387,1998–99 Gambrinus liga,
reep_s23baa5e7,Q644045,1998–99 La Liga,
reep_s68aa7ac7,Q754684,1998–99 Serie A,
reep_s6be1f6fc,Q1687285,1998–99 Serie B,
reep_sc8d37e07,Q1061495,1999 Allsvenskan,
reep_s6b7db865,Q625200,1999 K-League,
reep_s56412759,Q1785470,1999 Major League Soccer season,
reep_s82b2906d,Q60379,1999 Uruguayan Primera División,
reep_s7b221f85,Q2948871,1999–2000 Algerian Championnat National,
reep_se7983aaa,Q693006,1999–2000 Alpha Ethniki,
reep_s542dd21a,Q18991,1999–2000 FA Premier League,
reep_s98e9ebdc,Q1231109,1999–2000 French Division 1,
reep_s3a6636c3,Q1231257,1999–2000 French Division 2,
reep_sb77e300d,Q613844,1999–2000 Gambrinus liga,
reep_s4f7bfe9e,Q1488480,1999–2000 La Liga,
reep_saa179537,Q755113,1999–2000 Serie A,
reep_s38e9d726,Q2273658,1999–2000 Serie B,
reep_s59b55e2f,Q1061447,2000 Allsvenskan,
reep_s5b1fdb52,Q13053506,2000 Armenian First League,
reep_s37701a80,Q493583,2000 K-League,
reep_s430c62c0,Q1784910,2000 Major League Soccer season,
reep_s563f60ef,Q164319,2000 Superettan,
reep_sa448a84b,Q73275,2000 Uruguayan Primera División,
reep_s7f097f4d,Q2948872,2000–01 Algerian Championnat National,
reep_s7f9a6ba4,Q2552901,2000–01 Alpha Ethniki,
reep_scce0f291,Q833562,2000–01 FA Premier League,
reep_sa198c8cb,Q1231114,2000–01 French Division 1,
reep_s4d97d11b,Q328463,2000–01 French Division 2,
reep_s7d63f568,Q2572414,2000–01 Gambrinus liga,
reep_s067c54a4,Q677224,2000–01 La Liga,
reep_s16f25733,Q4598253,2000–01 Leeds United A.F.C. season,
reep_s2ba3b661,Q543205,2000–01 Serie A,
reep_s8c981d92,Q282724,2000–01 Serie B,
reep_s0dab1eda,Q1061781,2001 Allsvenskan,
reep_sc20a27a1,Q13053504,2001 Armenian First League,
reep_sa4002ce1,Q498464,2001 K-League,
reep_sa593f994,Q1322008,2001 Major League Soccer season,
reep_s223f48e0,Q2367492,2001 Superettan,
reep_sdb45b56a,Q116050,2001 Uruguayan Primera División,
reep_sfab0244f,Q2948873,2001–02 Algerian Championnat National,
reep_s14b5350f,Q2723945,2001–02 Alpha Ethniki,
reep_s77e3df99,Q338385,2001–02 FA Premier League,
reep_s7d5c5128,Q954595,2001–02 French Division 1,
reep_s4afbfefe,Q1231252,2001–02 French Division 2,
reep_sfe55b2a0,Q2569950,2001–02 Gambrinus liga,
reep_sd9463fde,Q720578,2001–02 La Liga,
reep_s4bce8db9,Q754493,2001–02 Serie A,
reep_s53581c85,Q500469,2001–02 Serie B,
reep_sffe7cf60,Q222914,2002 Allsvenskan,
reep_scc5a8c9c,Q13053509,2002 Armenian First League,
reep_s2ec0be3b,Q498790,2002 K-League,
reep_s7b6b48c6,Q1785566,2002 Major League Soccer season,
reep_s1589cfcf,Q2367498,2002 Superettan,
reep_s6a7bd5fe,Q152740,2002 Uruguayan Primera División,
reep_s3a7d17e5,Q2948874,2002–03 Algerian Championnat National,
reep_s7569b735,Q612544,2002–03 Alpha Ethniki,
reep_se72d0b3d,Q817255,2002–03 FA Premier League,
reep_s414b166c,Q2569929,2002–03 Gambrinus liga,
reep_s613f83d1,Q603403,2002–03 La Liga,
reep_sbfa3b4ef,Q665505,2002–03 Ligue 1,
reep_sb8fbdcef,Q1824765,2002–03 Ligue 2,
reep_saf01a63e,Q691294,2002–03 Serie A,
reep_s53f434c8,Q205941,2002–03 Serie B,
reep_s0023d6ed,Q683576,2003 Allsvenskan,
reep_sfbe2292d,Q16387786,2003 Armenian First League,
reep_s9174e5f3,Q625195,2003 K-League,
reep_s5a229221,Q370315,2003 Major League Soccer season,
reep_sd26cfcd2,Q2367509,2003 Superettan,
reep_s99196e4b,Q169386,2003 Uruguayan Primera División,
reep_s43e598cd,Q2948875,2003–04 Algerian Championnat National,
reep_s4fb87505,Q2661126,2003–04 Alpha Ethniki,
reep_sdc99374d,Q817262,2003–04 FA Premier League,
reep_se2d60527,Q2572374,2003–04 Gambrinus liga,
reep_se0ad21ae,Q697226,2003–04 La Liga,
reep_s3efbfac1,Q728156,2003–04 Ligue 1,
reep_s002193a1,Q1285413,2003–04 Ligue 2,
reep_s8f79a5a7,Q755519,2003–04 Serie A,
reep_sc7f35fcd,Q846518,2003–04 Serie B,
reep_s290dfa88,Q933234,2004 Allsvenskan,
reep_sa3ebcdc9,Q13053513,2004 Armenian First League,
reep_s37712890,Q625191,2004 K-League,
reep_se704edea,Q1318570,2004 Major League Soccer season,
reep_s13c7574f,Q1029286,2004 Superettan,
reep_s5141abe2,Q349137,2004 Uruguayan Primera División,
reep_s31ce2fcf,Q2948876,2004–05 Algerian Championnat National,
reep_s3255388b,Q980822,2004–05 Alpha Ethniki,
reep_se6dabccc,Q456869,2004–05 FA Premier League,
reep_sd20128e6,Q2569933,2004–05 Gambrinus liga,
reep_s22974786,Q719854,2004–05 La Liga,
reep_s50c5d5f8,Q1351840,2004–05 Ligue 1,
reep_sece8775a,Q1359729,2004–05 Ligue 2,
reep_saef73151,Q518566,2004–05 Serie A,
reep_se96a5b42,Q1296678,2004–05 Serie B,
reep_sec57f436,Q581759,2005 Allsvenskan,
reep_s09094409,Q4603967,2005 Armenian First League,
reep_s8e948174,Q625187,2005 K-League,
reep_se2b0a054,Q1786301,2005 Major League Soccer season,
reep_s9c296a04,Q2367515,2005 Superettan,
reep_s93ce9703,Q400495,2005 Uruguayan Primera División,
reep_s52f7acd7,Q2948884,2005–06 Algerian Championnat National,
reep_s6d00277d,Q2720891,2005–06 Alpha Ethniki,
reep_s7ad8fc5f,Q269486,2005–06 FA Premier League,
reep_s80fe4d7c,Q1493016,2005–06 Gambrinus liga,
reep_sdac6fa6a,Q162977,2005–06 La Liga,
reep_s3f5ab9f7,Q1332538,2005–06 Ligue 1,
reep_s82929bea,Q7879046,2005–06 Ligue 2,
reep_sba266667,Q643978,2005–06 Serie A,
reep_s8d51432e,Q379192,2005–06 Serie B,
reep_s3a43ba60,Q2623122,2005–06 Uruguayan Primera División,
reep_s1fb611c2,Q374042,2006 Allsvenskan,
reep_s1d8c8cb0,Q4605772,2006 Armenian First League,
reep_s816794da,Q1886152,2006 Major League Soccer season,
reep_sbcd5786e,Q1747378,2006 Superettan,
reep_s14f90a8d,Q2001580,2006–07 Algerian Championnat National,
reep_s452f0fe1,Q190112,2006–07 FA Premier League,
reep_sb68c4bd8,Q177129,2006–07 Gambrinus liga,
reep_s80d6a75d,Q476653,2006–07 La Liga,
reep_s1366f780,Q1142993,2006–07 Ligue 1,
reep_s27a50f03,Q1131969,2006–07 Ligue 2,
reep_s5fb64e50,Q728459,2006–07 Serie A,
reep_saf39ad46,Q1814042,2006–07 Serie B,
reep_scf68a5bf,Q2608516,2006–07 Superleague Greece,
reep_sb01ac935,Q2623114,2006–07 Uruguayan Primera División,
reep_s1679ee5b,Q145191,2007 Allsvenskan,
reep_s63de2817,Q4607910,2007 Armenian First League,
reep_s0d747031,Q1886150,2007 Major League Soccer season,
reep_s2e5931ef,Q911738,2007 Superettan,
reep_s976d1bb1,Q2001551,2007–08 Algerian Championnat National,
reep_sc2a5716c,Q781462,2007–08 Gambrinus liga,
reep_s39d3bb6b,Q244367,2007–08 La Liga,
reep_s55e29165,Q519120,2007–08 Ligue 1,
reep_s3adfc9a6,Q2951059,2007–08 Ligue 2,
reep_sadca928e,Q187376,2007–08 Premier League,
reep_s4fbf9620,Q381013,2007–08 Serie A,
reep_sd4b0cc74,Q676744,2007–08 Serie B,
reep_sce86706e,Q1933988,2007–08 Superleague Greece,
reep_s14533fc1,Q889062,2007–08 Uruguayan Primera División season,
reep_s35f7e4f8,Q1439567,2008 Allsvenskan,
reep_sad59c598,Q4610513,2008 Armenian First League,
reep_s652cf111,Q1886155,2008 Major League Soccer season,
reep_s23737bc6,Q911749,2008 Superettan,
reep_s94bc891f,Q2462332,2008–09 Algerian Championnat National,
reep_sf44ce7ac,Q1086975,2008–09 Gambrinus liga,
reep_s065b9183,Q245398,2008–09 La Liga,
reep_s6c02fbec,Q643911,2008–09 Ligue 1,
reep_sfb0ba686,Q1131633,2008–09 Ligue 2,
reep_s470f6d1b,Q186869,2008–09 Premier League,
reep_s80061abf,Q474577,2008–09 Serie A,
reep_sbee0b2a9,Q900917,2008–09 Serie B,
reep_s4b952c0e,Q1050077,2008–09 Superleague Greece,
reep_s4f387ca1,Q1030181,2008–09 Uruguayan Primera División season,
reep_s620a18e8,Q1067496,2009 Allsvenskan,
reep_sa284ecb0,Q4613218,2009 Armenian First League,
reep_s40ba7e49,Q1886156,2009 Major League Soccer season,
reep_sf4f6fc73,Q252261,2009 Superettan,
reep_s2dd8bb62,Q2001571,2009–10 Algerian Championnat National,
reep_scedfc05b,Q746077,2009–10 Gambrinus liga,
reep_s3b760eed,Q208362,2009–10 La Liga,
reep_s51222eed,Q738257,2009–10 Ligue 1,
reep_s97dc48b9,Q1824784,2009–10 Ligue 2,
reep_s79b82cb6,Q188937,2009–10 Premier League,
reep_sa4b981b8,Q223724,2009–10 Serie A,
reep_s5f4e0fc3,Q301770,2009–10 Serie B,
reep_s87c902a0,Q923671,2009–10 Superleague Greece,
reep_s5505fe3e,Q1257503,2009–10 Uruguayan Primera División season,
reep_sa7b91f21,Q255554,2010 Allsvenskan,
reep_s74eeb630,Q3293795,2010 Armenian First League,
reep_s2ddd2de5,Q1886160,2010 Major League Soccer season,
reep_s3bfb2d4f,Q1136479,2010 Superettan,
reep_s10f2d280,Q2011074,2010–11 Algerian Ligue Professionnelle 1,
reep_s53ad1d9e,Q1080647,2010–11 Gambrinus liga,
reep_s0e3fd9ee,Q19043,2010–11 La Liga,
reep_s547ca4c3,Q725987,2010–11 Ligue 1,
reep_sa47c9bf2,Q1651036,2010–11 Ligue 2,
reep_s0bddb6a3,Q186980,2010–11 Premier League,
reep_s5eafe9e2,Q276204,2010–11 Serie A,
reep_s7a266407,Q1080136,2010–11 Serie B,
reep_sf092dc5c,Q1194166,2010–11 Superleague Greece,
reep_sa5d2eb1d,Q2706067,2010–11 Uruguayan Primera División season,
reep_s0beea21c,Q667968,2011 Allsvenskan,
reep_sd61da5d0,Q4620340,2011 Armenian First League,
reep_s3d41051c,Q1650271,2011 Major League Soccer season,
reep_s7017cd61,Q1165885,2011 Superettan,
reep_sb02462ca,Q2597577,2011 World Football Challenge,
reep_s1bf80acb,Q2616765,2011–12 Algerian Ligue Professionnelle 1,
reep_s9103f5d5,Q114705986,2011–12 Bangladesh Women's Football League,
reep_s612af362,Q1493024,2011–12 Gambrinus liga,
reep_sbe07451b,Q207595,2011–12 La Liga,
reep_sc2c4c7cb,Q636985,2011–12 Ligue 1,
reep_s9c224b40,Q167534,2011–12 Ligue 2,
reep_s4284e691,Q1489492,2011–12 Premier League,
reep_sa52cdaa0,Q240669,2011–12 Serie A,
reep_s038b2d60,Q1311948,2011–12 Serie B,
reep_sb7e6f60f,Q1968684,2011–12 Superleague Greece,
reep_s0ed2951e,Q2627523,2011–12 Uruguayan Primera División season,
reep_s86c0aa1d,Q116522,2012 Allsvenskan,
reep_s6e739702,Q1293120,2012 Major League Soccer season,
reep_s747a0aef,Q1147923,2012 Superettan,
reep_s3a91c737,Q3078393,2012 World Football Challenge,
reep_s20a244ad,Q2948890,2012–13 Algerian Ligue Professionnelle 1,
reep_sf10a0205,Q16685400,2012–13 Armenian First League,
reep_s590acfe2,Q114697841,2012–13 Bangladesh Women's Football League,
reep_s5574d57d,Q1493014,2012–13 Gambrinus liga,
reep_s33c22e33,Q720018,2012–13 La Liga,
reep_s7d5206a0,Q916955,2012–13 Ligue 1,
reep_s3fe7135c,Q167591,2012–13 Ligue 2,
reep_s170988e3,Q388682,2012–13 Premier League,
reep_s6015cd9c,Q842180,2012–13 Serie A,
reep_sad2a817b,Q1389939,2012–13 Serie B,
reep_sdad1571e,Q990558,2012–13 Superleague Greece,
reep_s82ef0d29,Q4628876,2012–13 Uruguayan Primera División season,
reep_sc1a47f23,Q1439557,2013 Allsvenskan,
reep_sbc553bba,Q4629489,2013 K League Classic,
reep_s3cb7de1f,Q3012026,2013 Major League Soccer season,
reep_s939b33ea,Q4629900,2013 Superettan,
reep_s8a15d3d4,Q13390353,2013–14 Algerian Ligue Professionnelle 1,
reep_s83f572d8,Q16685402,2013–14 Armenian First League,
reep_s245aab33,Q13420217,2013–14 Gambrinus liga,
reep_s780e0c3c,Q6086248,2013–14 La Liga,
reep_s6f86410b,Q9022515,2013–14 Ligue 1,
reep_s946d9e39,Q14565148,2013–14 Ligue 2,
reep_s0acbf604,Q11607290,2013–14 Premier League,
reep_s938f943e,Q9076286,2013–14 Serie A,
reep_sc60d0ba9,Q14029305,2013–14 Serie B,
reep_s5aa70e8f,Q11755887,2013–14 Superleague Greece,
reep_s874288d6,Q14912070,2013–14 Uruguayan Primera División season,
reep_s324f512f,Q15123498,2014 Allsvenskan,
reep_s8305e652,Q15618574,2014 K League Classic,
reep_sa0678378,Q15233253,2014 Major League Soccer season,
reep_sbbed7d80,Q15123510,2014 Superettan,
reep_sd5930916,Q17175891,2014–15 Algerian Ligue Professionnelle 1,
reep_sc3cc0156,Q18125717,2014–15 Armenian First League,
reep_s0225d883,Q16831509,2014–15 Czech First League,
reep_s133c0b81,Q16835057,2014–15 Divisione Unica,
reep_s549c05fc,Q16600574,2014–15 La Liga,
reep_sff67a819,Q16335962,2014–15 Ligue 1,
reep_s9e0a6d68,Q16537500,2014–15 Ligue 2,
reep_sfd111af3,Q16011788,2014–15 Premier League,
reep_s862cf237,Q16972546,2014–15 Segunda División,
reep_s9d0f8103,Q15847307,2014–15 Serie A,
reep_s27752bf1,Q16835086,2014–15 Serie B,
reep_sff1811cd,Q16851149,2014–15 Superleague Greece,
reep_s768901e7,Q17524056,2014–15 Uruguayan Primera División season,
reep_s170ff376,Q18208572,2015 Allsvenskan,
reep_s1a27e6cc,Q18604756,2015 K League Classic,
reep_s39c8cf20,Q16596994,2015 Major League Soccer season,
reep_s4bbfc43e,Q18208578,2015 Superettan,
reep_s08023204,Q19913723,2015–16 Algerian Ligue Professionnelle 1,
reep_s8d5942bf,Q20806338,2015–16 Armenian First League,
reep_s70098d78,Q20119917,2015–16 Czech First League,
reep_s6d79f6bf,Q16621994,2015–16 La Liga,
reep_s24b3432f,Q20180485,2015–16 Lega Pro,
reep_s7dcff81c,Q19820211,2015–16 Ligue 1,
reep_sefb59c04,Q19952019,2015–16 Ligue 2,
reep_se1c11033,Q19346732,2015–16 Premier League,
reep_sd512be97,Q19309054,2015–16 Serie A,
reep_s06fafd9f,Q20011271,2015–16 Serie B,
reep_s2888d5d6,Q20648080,2015–16 Superleague Greece,
reep_s5aca9fa9,Q19848822,2015–16 Uruguayan Primera División season,
reep_s40219318,Q21286604,2016 Allsvenskan,
reep_s1301ad63,Q21575515,2016 K League Classic,
reep_sed32a229,Q18999882,2016 Major League Soccer season,
reep_se92e4475,Q21422591,2016 Superettan,
reep_sa1b734cb,Q22084928,2016 Uruguayan Primera División season,
reep_s9e2b41ea,Q23309178,2016–17 Algerian Ligue Professionnelle 1,
reep_s99645671,Q48852321,2016–17 Armenian First League,
reep_sa1ab2a46,Q25201859,2016–17 Czech First League,
reep_s79580ff3,Q23497990,2016–17 La Liga,
reep_s77d28b5a,Q24699706,2016–17 Lega Pro,
reep_s85c12df5,Q22683328,2016–17 Ligue 1,
reep_sa8f4af2c,Q24347791,2016–17 Ligue 2,
reep_sd2dd3093,Q23009701,2016–17 Premier League,
reep_s30a2c5b1,Q23728326,2016–17 Serie A,
reep_s3a53e911,Q24262131,2016–17 Serie B,
reep_s9bf62d3a,Q23719469,2016–17 Superleague Greece,
reep_s95e86604,Q27791802,2017 Allsvenskan,
reep_sacbdba5a,Q27688769,2017 K League Classic,
reep_saeb8e72e,Q27990828,2017 Major League Soccer season,
reep_sc22b3034,Q27920172,2017 Superettan,
reep_sb14799a8,Q28058902,2017 Uruguayan Primera División season,
reep_s52669ac6,Q30457381,2017–18 Algerian Ligue Professionnelle 1,
reep_sacb2dd1d,Q37981439,2017–18 Armenian First League,
reep_s9d6eca0e,Q30338944,2017–18 Czech First League,
reep_s2cb67e37,Q24529775,2017–18 La Liga,
reep_sc3899f62,Q29042845,2017–18 Ligue 1,
reep_sda4a1f8d,Q30006732,2017–18 Ligue 2,
reep_sb8f37a6e,Q28842253,2017–18 Premier League,
reep_s85ca3917,Q28820477,2017–18 Serie A,
reep_s77b8c938,Q29857147,2017–18 Serie B,
reep_s7d249cf9,Q30125744,2017–18 Superleague Greece,
reep_sa179a11d,Q30104976,2017–2018 Serie C,
reep_s037cf5c4,Q42308241,2018 Allsvenskan,
reep_sf0888841,Q43284487,2018 K League 1,
reep_s16d2befe,Q42530846,2018 Major League Soccer season,
reep_s067e9b31,Q42300508,2018 Superettan,
reep_s906a2905,Q30916555,2018 Uruguayan Primera División season,
reep_s7065aca1,Q54560333,2018–19 Algerian Ligue Professionnelle 1,
reep_s0eac0482,Q56479937,2018–19 Armenian First League,
reep_s334cb7da,Q54401553,2018–19 Czech First League,
reep_se3e2e7b5,Q50383829,2018–19 La Liga,
reep_sfb99f77d,Q51546683,2018–19 Ligue 1,
reep_se006e052,Q52637834,2018–19 Ligue 2,
reep_s0ba09169,Q39052816,2018–19 Premier League,
reep_sabbb1bce,Q48782372,2018–19 Serie A,
reep_s8cd3909c,Q52554512,2018–19 Serie B,
reep_s34bb9cd6,Q54866671,2018–19 Serie C,
reep_sf6de8f38,Q54085113,2018–19 Superleague Greece,
reep_se6de83c2,Q58875375,2019 Allsvenskan,
reep_sff4af954,Q58232759,2019 K League 1,
reep_sd4a1c91d,Q58327598,2019 Major League Soccer season,
reep_sc2fd8dd4,Q58875408,2019 Superettan,
reep_s956d4107,Q60221532,2019 Uruguayan Primera División season,
reep_sf44e0f51,Q65044491,2019–20 Algerian Ligue Professionnelle 1,
reep_s7ff304d8,Q66499296,2019–20 Armenian First League,
reep_s2b93aaad,Q84603343,2019–20 Bangladesh Women's Football League,
reep_s03d98cf2,Q64005772,2019–20 Czech First League,
reep_scc374420,Q61686471,2019–20 La Liga,
reep_s297ba3f4,Q61862323,2019–20 Ligue 1,
reep_sa232751d,Q64084611,2019–20 Ligue 2,
reep_s1fa79b7b,Q60439913,2019–20 Premier League,
reep_s269bf42d,Q61686413,2019–20 Serie A,
reep_s86bf69b0,Q63483542,2019–20 Serie B,
reep_s6f13285f,Q64875942,2019–20 Serie C,
reep_sfe8c248c,Q64268674,2019–20 Superleague Greece,
reep_scec68012,Q73386476,2020 Allsvenskan,
reep_s2a82e139,Q74483580,2020 K League 1,
reep_s74be602e,Q71819887,2020 Major League Soccer season,
reep_sb668d69e,Q73386659,2020 Superettan,
reep_se5d468c8,Q80958266,2020 Uruguayan Primera División season,
reep_s00c861fa,Q97685831,2020–21 Algerian Ligue Professionnelle 1,
reep_sca9705af,Q104414493,2020–21 Armenian First League,
reep_s9c0b2011,Q106179349,2020–21 Bangladesh Women's Football League,
reep_s560829db,Q96370740,2020–21 Czech First League,
reep_sd24b477e,Q76412544,2020–21 La Liga,
reep_sa0e0f98d,Q92604658,2020–21 Ligue 1,
reep_sc496d8a4,Q94939968,2020–21 Ligue 2,
reep_s2fbb3aab,Q69622172,2020–21 Premier League,
reep_sd9464420,Q92922210,2020–21 Serie A,
reep_s7e1b81be,Q97798421,2020–21 Serie B,
reep_sb34ba7bf,Q97461288,2020–21 Serie C,
reep_s4fc75808,Q97143919,2020–21 Super League Greece,
reep_se7383783,Q99294512,2021 Allsvenskan,
reep_s680384a8,Q104244615,2021 K League 1,
reep_s787afbb5,Q103821894,2021 Major League Soccer season,
reep_s8fb044f7,Q104120421,2021 Superettan,
reep_s726db30a,Q106316876,2021 Uruguayan Primera División season,
reep_sfbcf8eb6,Q108353317,2021–22 Algerian Ligue Professionnelle,
reep_s2bcf969a,Q108464389,2021–22 Armenian First League,
reep_scb270209,Q114697566,2021–22 Bangladesh Women's Football League,
reep_s8f7162b7,Q106595186,2021–22 Czech First League,
reep_s96d8c68d,Q105770426,2021–22 La Liga,
reep_s1da67012,Q104555110,2021–22 Ligue 1,
reep_sbb8e34ca,Q106703870,2021–22 Ligue 2,
reep_s9dadf385,Q105718943,2021–22 Premier League,
reep_s126585f3,Q104599603,2021–22 Serie A,
reep_sa64a4bbb,Q106642003,2021–22 Serie B,
reep_sd605b80c,Q107143970,2021–22 Serie C,
reep_s3151dcd5,Q106472962,2021–22 Super League Greece,
reep_sb185502d,Q109304978,2022 Allsvenskan,
reep_sceadb6d2,Q109288557,2022 K League 1,
reep_s6ebafb7c,Q109500878,2022 Major League Soccer season,
reep_s80453b37,Q109305014,2022 Superettan,
reep_s6d3b8859,Q109648036,2022 Uruguayan Primera División season,
reep_s28ce5d91,Q112663529,2022–23 Algerian Ligue Professionnelle 1,
reep_sfd261412,Q114392039,2022–23 Armenian First League,
reep_s2bf48ca3,Q121461621,2022–23 Bangladesh Women's Football League,
reep_s0625fc9c,Q111986147,2022–23 Czech First League,
reep_s65a62de9,Q111134893,2022–23 La Liga,
reep_s5be295bc,Q112744803,2022–23 Ligue 1,
reep_s326de109,Q111812027,2022–23 Ligue 2,
reep_s5d62f240,Q111134726,2022–23 Premier League,
reep_s1c6dacfd,Q111136037,2022–23 Serie A,
reep_s1e9f0324,Q111696645,2022–23 Serie B,
reep_se9d76d06,Q112052233,2022–23 Serie C,
reep_s2994d5fe,Q111962847,2022–23 Super League Greece,
reep_s02d0ff22,Q111461257,2023 Allsvenskan,
reep_sd819e8d7,Q114953786,2023 K League 1,
reep_sc61f6863,Q111461779,2023 Major League Soccer season,
reep_sc8402260,Q111461249,2023 Superettan,
reep_sac3cffb4,Q114810635,2023 Uruguayan Primera División season,
reep_sd8c4c4d0,Q118875055,2023–24 Algerian Ligue Professionnelle 1,
reep_s881d02ce,Q118746695,2023–24 Czech First League,
reep_s73abbd18,Q117246391,2023–24 La Liga,
reep_s90c9e822,Q117008002,2023–24 Ligue 1,
reep_s59b21433,Q118133579,2023–24 Ligue 2,
reep_sd9477c71,Q116977381,2023–24 Premier League,
reep_s4c69fa7d,Q116998560,2023–24 Serie A,
reep_s7885bd0e,Q118110376,2023–24 Serie B,
reep_s0c078f00,Q118727553,2023–24 Serie C,
reep_sd6433d75,Q117485249,2023–24 Super League Greece,
reep_s0bcd6d42,Q114841734,2024 Allsvenskan,
reep_scf646128,Q124052965,2024 K League 1,
reep_s9ed97440,Q123412108,2024 Major League Soccer season,
reep_s17befcc4,Q114841742,2024 Superettan,
reep_s8745bf40,Q123579365,2024 Uruguayan Primera División season,
reep_s7073fabb,Q126946419,2024–25 Algerian Ligue Professionnelle 1,
reep_sb75f2d2f,Q126612001,2024–25 Czech First League,
reep_s24d00847,Q124538312,2024–25 La Liga,
reep_s42f669f8,Q124742150,2024–25 Ligue 1,
reep_sbd78ec97,Q125908156,2024–25 Ligue 2,
reep_sa7f63ba6,Q124371422,2024–25 Premier League,
reep_sea64fdb6,Q125315770,2024–25 Serie A,
reep_s35ea4de8,Q125727504,2024–25 Serie B,
reep_s688eda70,Q125727519,2024–25 Serie C,
reep_sb8f06cd6,Q126689076,2024–25 Super League Greece,
reep_sc830ec3e,Q116192885,2025 Allsvenskan,
reep_s791e2dad,Q131411367,2025 K League 1,
reep_sf840689c,Q130686780,2025 Major League Soccer season,
reep_s9c8d19c9,Q116192898,2025 Superettan,
reep_s5a6ac68e,Q131370708,2025 Uruguayan Primera División season,
reep_s1f218623,Q134298909,2025-26 Serie C,
reep_s4bc56c1e,Q134183243,2025-26 Super League Greece,
reep_sdf1f7455,Q135440582,2025–26 Algerian Ligue Professionnelle 1,
reep_se8080a66,Q137538198,2025–26 Bangladesh Women's Football League,
reep_sb77683d2,Q133500362,2025–26 Czech First League,
reep_s79a07daf,Q134006053,2025–26 La Liga,
reep_se35aff87,Q133456023,2025–26 Ligue 1,
reep_s9bca08cd,Q134420908,2025–26 Ligue 2,
reep_sdc8762eb,Q132674557,2025–26 Premier League,
reep_s7c1b8f1f,Q133730427,2025–26 Serie A,
reep_sfc95b02d,Q134053324,2025–26 Serie B,
reep_sfca2f57d,Q122108935,2026 Allsvenskan,
reep_s512dd627,Q137295655,2026 K League 1,
reep_sbd530692,Q137427097,2026 Liga AUF Uruguaya,
reep_s3324d735,Q135036041,2026 Major League Soccer season,
reep_s06d4dd0c,Q122109205,2026 Superettan,
reep_s5a86a043,Q130676849,2027 Allsvenskan,
reep_s11586eee,Q130677026,2027 Superettan,
reep_s6186a03a,Q130676854,2028 Allsvenskan,
reep_sa18968d4,Q130677078,2028 Superettan,
reep_s0491c3b7,Q130676861,2029 Allsvenskan,
reep_sa0dbf4ee,Q130677108,2029 Superettan,
reep_s5c3162f7,Q130676865,2030 Allsvenskan,
reep_s17e68035,Q130677172,2030 Superettan,
reep_s4b4a384f,Q130676902,2031 Allsvenskan,
reep_s7c78f620,Q130677219,2031 Superettan,
reep_s81b1c495,Q2948848,Championnat d'algérie de football 1981-1982,
reep_s121b00aa,Q96210090,MLS is Back Tournament,
reep_se4210da7,Q11802611,Q11802611,
reep_s6f5ea190,Q1230793,Q1230793,
reep_sbaf63f3e,Q1230794,Q1230794,
reep_sf124eac9,Q12882996,Q12882996,
reep_se697c02b,Q12882998,Q12882998,
reep_s60c41a81,Q12883765,Q12883765,
reep_s5c4fb683,Q12883767,Q12883767,
reep_s3ca8b9c8,Q13053499,Q13053499,
reep_saea0cb8f,Q13053501,Q13053501,
reep_s885a1b6f,Q13053502,Q13053502,
reep_sd6576fa2,Q13053508,Q13053508,
reep_sf6ed4ffd,Q13053511,Q13053511,
reep_sb7aef7e3,Q13053512,Q13053512,
reep_sf8556181,Q13053514,Q13053514,
reep_s81685aac,Q13053515,Q13053515,
reep_scbcd5496,Q16331779,Q16331779,
reep_s82c1577e,Q16387785,Q16387785,
reep_s6b32e0bf,Q16487341,Q16487341,
reep_s1ae0ac4d,Q16523410,Q16523410,
reep_s85953f78,Q3957745,Q3957745,
reep_s1bb72002,Q3957747,Q3957747,
reep_s9b33e4c7,Q55831821,Q55831821,
reep_s402611cb,Q55831829,Q55831829,
reep_s9affdab1,Q55831927,Q55831927,
reep_s1a73f95a,Q55831933,Q55831933,
reep_sceb36cbe,Q55831937,Q55831937,
reep_s68e12b08,Q55831938,Q55831938,
reep_sc0e47a70,Q55832002,Q55832002,
reep_sb7abf984,Q55832003,Q55832003,
reep_sd113cd07,Q55832004,Q55832004,
reep_se74047eb,Q55832005,Q55832005,
reep_sfccc96cd,Q55832101,Q55832101,
reep_sb2919d97,Q55832120,Q55832120,
reep_sddf0332f,Q55832126,Q55832126,
reep_saeb0b4b5,Q55832138,Q55832138,
reep_sed87d4ab,Q63522579,Q63522579,
reep_sfd3ae0f0,Q820023,Q820023,
reep_sa12b7e00,Q820070,Q820070,
reep_s29e53f55,Q820076,Q820076,
reep_s5da80c0a,Q820305,Q820305,
